                  epoch,         train/box_loss,         train/cls_loss,         train/dfl_loss,   metrics/precision(B),      metrics/recall(B),       metrics/mAP50(B),    metrics/mAP50-95(B),           val/box_loss,           val/cls_loss,           val/dfl_loss,                 lr/pg0,                 lr/pg1,                 lr/pg2
                      1,                  3.589,                 2.8506,                 3.4935,                0.00099,                0.04444,                0.00062,                0.00015,                 4.6004,                 3.6965,                 4.1125,             0.00054949,             0.00054949,             0.00054949
                      2,                 2.3233,                  1.756,                 2.4074,                 0.4801,                 0.4673,                 0.4929,                0.20012,                 2.0594,                 1.7144,                  2.311,             0.00088634,             0.00088634,             0.00088634
                      3,                 2.0435,                 1.5402,                 2.0637,                0.53078,                 0.5968,                0.59921,                0.31037,                 1.8079,                 1.6235,                 1.9629,              0.0010031,              0.0010031,              0.0010031
                      4,                 1.9085,                 1.4331,                 1.9087,                0.63042,                0.68381,                0.65055,                 0.3586,                 1.6851,                 1.3109,                 1.8503,              0.0006768,              0.0006768,              0.0006768
                      5,                 1.7875,                 1.3125,                 1.8165,                0.71055,                0.68125,                 0.7727,                0.42079,                 1.6905,                 1.2172,                 1.7963,             0.00034674,             0.00034674,             0.00034674
